{
  "weights": [
    1294,
    1304,
    1161,
    1355,
    1213,
    1285,
    1162,
    1286,
    1027,
    1284,
    1114,
    1173,
    1373,
    1218,
    1110,
    1006,
    1119,
    1092,
    1401,
    1437,
    1218,
    1328,
    1106,
    1475,
    1142,
    1198,
    1262,
    1310,
    1380,
    1113,
    1092,
    1130,
    1100,
    1009,
    1470,
    1086,
    1090,
    1433,
    1277,
    1429,
    1284,
    1395,
    1261,
    1424,
    1439,
    1132,
    1032,
    1036,
    1148,
    1434,
    1265,
    1224,
    1121,
    1230,
    1091,
    1264,
    1072,
    1271,
    1138,
    1187,
    1496,
    1290,
    1389,
    1440,
    1159,
    1224,
    1414,
    1326,
    1234,
    1003,
    1214,
    1399,
    1168,
    1236,
    1007,
    1056,
    1362,
    1356,
    1418,
    1085,
    1309,
    1220,
    1311,
    1350,
    1187,
    1471,
    1341,
    1210,
    1015,
    1158,
    1140,
    1469,
    1010,
    1040,
    1451,
    1269,
    1300,
    1194,
    1090,
    1310
  ],
  "values": [
    1271.1279395085642,
    1296.9429435143188,
    1143.7842604104774,
    1350.6773014848543,
    1208.1256610801427,
    1277.0611018602528,
    1159.0678733831537,
    1272.9989033763,
    1021.393654576767,
    1279.2627165174943,
    1103.434336295406,
    1150.4405946168813,
    1365.9201986083697,
    1212.0892224521779,
    1103.8255171376757,
    996.9263944008837,
    1115.5746269805206,
    1088.1291496925662,
    1395.1340150404444,
    1418.0100591946555,
    1199.5263027281037,
    1316.0142781714515,
    1095.6335227301213,
    1457.19168249861,
    1136.2484801161072,
    1192.1434026966028,
    1243.757642437797,
    1307.464595161741,
    1361.7544181623382,
    1108.5849559090293,
    1072.4844848392968,
    1114.6692034752132,
    1091.726773145279,
    992.4324724403668,
    1450.9977977466149,
    1078.2564453066211,
    1081.267134993546,
    1422.3377879176617,
    1257.2114485087293,
    1428.3267331390798,
    1262.1088558829083,
    1383.0973880182817,
    1248.727715740902,
    1402.2510874059508,
    1426.5683690793712,
    1116.7343164390343,
    1021.159291981707,
    1029.8152117024345,
    1131.620336089959,
    1426.005166160232,
    1251.4201314249274,
    1200.5367891078856,
    1115.3076142369848,
    1205.4464507683042,
    1077.4930669985122,
    1246.666523049551,
    1069.2995923809528,
    1270.5892315203105,
    1135.241871869252,
    1178.8163154449533,
    1487.480096360337,
    1278.529380086234,
    1379.067623621078,
    1430.7041008667975,
    1153.5035295027064,
    1222.340799592275,
    1394.0590791436725,
    1309.8130880452247,
    1232.0438624043543,
    987.6948971827621,
    1209.5357795989737,
    1396.3333302639421,
    1153.6320909663948,
    1233.9317289478233,
    1000.8931696633092,
    1047.3569008497575,
    1337.1707382747775,
    1351.3005365616293,
    1394.5653083755292,
    1083.4336365319728,
    1289.6616060656518,
    1195.8595908821785,
    1291.781752337528,
    1323.5373413769103,
    1173.4178355555605,
    1461.510532578558,
    1335.6484726176297,
    1194.7876118840272,
    1004.5031859592282,
    1147.5581195276231,
    1122.1672786794325,
    1464.0960713270092,
    994.4307387721725,
    1022.4744670915321,
    1447.604776059517,
    1244.606508887036,
    1295.936063475153,
    1176.411740446761,
    1073.9582050760937,
    1306.001299738695
  ],
  "capacity": 37089.299999999996,
  "optimal_value": 36974.249175503224,
  "greedy_value": 36187.66931604611,
  "optimal_solution": [
    3,
    4,
    6,
    9,
    12,
    14,
    16,
    17,
    24,
    27,
    29,
    39,
    52,
    56,
    57,
    58,
    64,
    65,
    68,
    70,
    71,
    73,
    74,
    77,
    79,
    86,
    91,
    94,
    96,
    99
  ],
  "note": "Random Rations with large range and greedy ~2.1% off optimal. Used to compute a high-resolution xQAOA landscape with values_and_constraints."
}