{
  "weights": [
    572,
    967,
    981,
    655,
    949,
    980,
    559,
    979,
    778,
    776,
    707,
    826,
    934,
    878,
    998,
    760,
    912,
    905,
    597,
    985,
    543,
    840,
    887,
    992,
    836,
    642,
    858,
    846,
    577,
    889,
    895,
    752,
    827,
    590,
    983,
    681,
    906,
    739,
    711,
    957,
    742,
    981,
    928,
    549,
    743,
    729,
    503,
    908,
    606,
    778,
    633,
    515,
    540,
    601,
    719,
    891,
    720,
    917,
    922,
    665,
    829,
    822,
    791,
    846,
    667,
    770,
    836,
    778,
    805,
    817,
    801,
    612,
    576,
    937,
    720,
    855,
    974,
    741,
    719,
    553,
    944,
    867,
    708,
    607,
    577,
    592,
    660,
    616,
    693,
    917,
    544,
    976,
    856,
    813,
    780,
    675,
    771,
    839,
    758,
    990
  ],
  "values": [
    571.7242182434662,
    962.2022979942981,
    976.2534591086385,
    649.1772093136474,
    942.3349418447139,
    979.0527521917376,
    557.5328182565115,
    969.3174311225922,
    770.4640132380787,
    772.8260829474281,
    706.7753026070345,
    819.1556025045634,
    924.8593824101505,
    876.5023329143329,
    995.0717880519651,
    758.2586024393656,
    906.4555045881023,
    904.2167849294106,
    591.760086514695,
    979.3862021565877,
    539.8219604821311,
    839.3927287085074,
    882.5667309830828,
    985.2127941389967,
    828.2146595920335,
    637.0583873110153,
    853.8577696312105,
    841.2126794194495,
    572.2145623359373,
    886.616540068723,
    889.8670828698249,
    748.5418025709479,
    824.9229246128954,
    584.228414549977,
    973.8635497541258,
    677.0316090204473,
    898.6149413730642,
    738.0258997762696,
    709.6629984906031,
    951.9644728976971,
    736.5892061290377,
    976.4344441857784,
    921.6701190708704,
    547.1580192867127,
    739.3680207253418,
    724.6449383289556,
    499.64731297711614,
    903.7874690284616,
    602.5797496058161,
    772.3772192474814,
    629.4648534567923,
    511.2365568205455,
    539.8363533895179,
    597.3482109740753,
    716.2650559076725,
    884.6006989683659,
    715.0218602879249,
    909.1675935963434,
    917.8781336845499,
    661.0859352439094,
    828.5066135785564,
    820.0588466919846,
    785.7734615280284,
    844.4951274363332,
    662.5566886439382,
    768.942231967829,
    829.4605178524132,
    775.9927656540264,
    797.7686449619423,
    814.201946085998,
    796.6924248740703,
    609.8219680191944,
    575.9685747175898,
    931.4262489201882,
    714.0603525162801,
    847.0852945817244,
    964.4075048480414,
    735.0537611347561,
    713.2744827295095,
    548.3135229741624,
    943.0695701374849,
    860.7853962483752,
    702.8357177843665,
    602.7574425051095,
    575.8311765416826,
    586.6728557046696,
    659.6084218603787,
    614.6967664190003,
    690.5278587412563,
    911.1296998940883,
    539.7391417310836,
    975.4138624994907,
    850.5662633298125,
    809.1239447295995,
    772.7820891200777,
    673.1852060060295,
    766.1875825561773,
    831.750903754923,
    754.2168380579509,
    989.7631942839565
  ],
  "capacity": 23361.3,
  "optimal_value": 23320.45420900399,
  "greedy_value": 22904.306335866593,
  "optimal_solution": [
    0,
    5,
    6,
    10,
    13,
    14,
    15,
    17,
    20,
    21,
    29,
    32,
    37,
    38,
    43,
    52,
    60,
    61,
    63,
    65,
    67,
    71,
    72,
    80,
    84,
    86,
    87,
    88,
    91,
    95,
    99
  ],
  "note": "Random Rations with 500-1500 range and greedy ~1.5% off optimal. Used to compute a high-resolution xQAOA landscape with fixed values_and_constraints."
}