{
  "weights": [
    352,
    428,
    343,
    348,
    473,
    356,
    455,
    461,
    402,
    343,
    468,
    305,
    431,
    444,
    485,
    447,
    488,
    455,
    480,
    486,
    423,
    495,
    458,
    482,
    345,
    363,
    424,
    330,
    449,
    422,
    386,
    406,
    374,
    451,
    417,
    469,
    432,
    469,
    313,
    424,
    447,
    430,
    335,
    391,
    345,
    492,
    418,
    377,
    401,
    428,
    394,
    303,
    491,
    391,
    397,
    347,
    467,
    408,
    301,
    319,
    445,
    469,
    434,
    437,
    463,
    411,
    427,
    464,
    475,
    469,
    451,
    448,
    389,
    389,
    406,
    307,
    493,
    468,
    408,
    353,
    492,
    460,
    383,
    327,
    447,
    452,
    473,
    334,
    359,
    343,
    465,
    329,
    401,
    365,
    457,
    351,
    468,
    493,
    364,
    300
  ],
  "values": [
    348.64733223074006,
    423.97925810199837,
    340.2940453372505,
    346.9137967302182,
    468.9429732937503,
    353.1643815402749,
    453.33757173349136,
    459.6624717096933,
    400.26190727698,
    342.2535133618668,
    464.1956950302182,
    303.3148471316559,
    429.3070965130745,
    443.8511060556638,
    483.4757955797521,
    444.5119052560919,
    485.99168334898496,
    454.6288434870905,
    478.4095816059081,
    481.9905170911408,
    421.85508960183574,
    492.0487618462923,
    457.16695134891756,
    480.8044423777491,
    343.8294298659405,
    362.2197418890112,
    422.28235381766365,
    328.9034040834336,
    448.0933860232714,
    418.82136122503783,
    382.377223492788,
    405.6349321829051,
    371.0958596533345,
    449.9016005977945,
    416.52974140015294,
    468.067565733188,
    429.53416665109086,
    464.57858442649837,
    310.42888869230677,
    423.4832477376583,
    445.097678852543,
    426.290730849279,
    332.5950163212614,
    389.6972305477679,
    342.3474754818063,
    487.77765447744304,
    416.46430240285224,
    375.00107577949063,
    397.921999895336,
    427.3240211737029,
    390.22641668191227,
    301.4235850278645,
    488.97229609678266,
    389.7365984845883,
    395.8999613489001,
    346.2078959728618,
    465.686045544229,
    406.35850714197454,
    300.74152266512016,
    318.95846439417306,
    443.4813278040748,
    466.7459517969445,
    432.55928632346337,
    433.5877365941067,
    460.90559982174244,
    409.0430247948739,
    424.4433738117925,
    462.09707015636974,
    470.69802495142363,
    465.4156302321305,
    447.4254643089631,
    444.44050974161564,
    386.4467903467343,
    387.0206780597452,
    405.28406269786774,
    306.3431347822616,
    492.6000446540574,
    463.7234977484693,
    404.72462566451503,
    351.1178923115599,
    491.18989708686667,
    455.63726793869733,
    380.6555204689303,
    326.7967924149575,
    446.9992707860153,
    449.2473961463408,
    472.28337904472113,
    333.54837318012903,
    357.31859859816626,
    340.1823647489611,
    460.97038028153366,
    328.75602433714647,
    398.86726919909927,
    362.76521140972267,
    453.35028630982004,
    348.06974243472473,
    465.200021643479,
    488.25084615398333,
    360.4450120652361,
    299.65786509309265
  ],
  "capacity": 12399.9,
  "optimal_value": 12378.31010035803,
  "greedy_value": 12192.4293886829,
  "optimal_solution": [
    3,
    9,
    13,
    17,
    20,
    22,
    25,
    28,
    31,
    33,
    34,
    35,
    39,
    43,
    49,
    53,
    54,
    55,
    56,
    58,
    59,
    74,
    75,
    76,
    80,
    83,
    84,
    86,
    87,
    91,
    99
  ],
  "note": "Nice example with random ratios and a very small range of weights. Greedy is ~2% off optimal. This one is used for some heatmap plots."
}