{
  "weights": [
    364,
    484,
    363,
    423,
    344,
    494,
    486,
    309,
    382,
    456,
    407,
    394,
    398,
    373,
    379,
    430,
    396,
    427,
    395,
    301,
    458,
    348,
    423,
    491,
    479,
    402,
    467,
    322,
    407,
    396,
    369,
    361,
    479,
    390,
    385,
    322,
    466,
    368,
    354,
    426,
    384,
    432,
    490,
    486,
    314,
    323,
    443,
    374,
    310,
    403,
    335,
    325,
    325,
    422,
    362,
    356,
    490,
    435,
    397,
    483,
    327,
    460,
    414,
    329,
    437,
    413,
    353,
    438,
    436,
    337,
    473,
    388,
    346,
    307,
    322,
    333,
    410,
    433,
    398,
    396,
    434,
    416,
    494,
    352,
    462,
    421,
    424,
    302,
    313,
    403,
    317,
    323,
    315,
    320,
    360,
    399,
    327,
    489,
    345,
    498
  ],
  "values": [
    363.0726570542549,
    485.98267368306324,
    363.68301988917926,
    424.21498284233985,
    345.4264135215567,
    494.2144817901266,
    488.5487612003015,
    307.56205438984233,
    381.851795026131,
    454.48307754462274,
    406.7084578856088,
    393.5290682832408,
    397.52677382231604,
    369.6310676647296,
    375.1350575173595,
    430.8559305157633,
    398.1585431591863,
    428.57974743009015,
    394.6179871414603,
    299.4133550059652,
    456.4443051048328,
    348.9933282214012,
    421.64292564348983,
    491.2926546243533,
    479.6029481890309,
    402.9798866668839,
    464.96505547920054,
    319.16610167615335,
    403.23642151804927,
    395.0062852592866,
    369.72849337241854,
    361.9111468200137,
    479.0166688748649,
    389.2405255916319,
    384.5950538580818,
    323.6781001189071,
    464.659411946547,
    366.46486369934865,
    356.302664006798,
    422.1025596246734,
    385.9414273449141,
    431.6876769355981,
    489.54265451127867,
    485.9539284279391,
    315.6962928217344,
    322.4846587083704,
    442.0986485151141,
    374.4422823294191,
    309.4019320209472,
    405.7744720839261,
    333.5649948189746,
    324.47453642455184,
    326.87373768346515,
    426.84560109427053,
    362.00653652322296,
    355.21223298138744,
    486.66079007951663,
    434.13802533268085,
    396.6768226276999,
    482.3930389871989,
    324.5566747336876,
    461.81085684409544,
    413.2400798798919,
    331.40348962717457,
    436.84793446916984,
    412.78116000882665,
    357.4519884293658,
    436.81960650180923,
    435.5396480942072,
    338.79772957267664,
    472.67421468064094,
    387.45348894226083,
    344.96395868028884,
    308.5729799649028,
    322.90367225219694,
    333.02894870818267,
    411.5194083065831,
    434.6901756079457,
    397.44991187478433,
    395.78760080021965,
    432.9708035101083,
    415.43377349550866,
    493.53498147196507,
    349.90749314412795,
    464.2197488534607,
    422.01666433010354,
    421.51048935768284,
    302.6769271760506,
    311.60002643416266,
    400.1928436573068,
    317.4671372182286,
    321.06769188347835,
    314.3009504929801,
    319.15445814086877,
    358.54856330390413,
    401.8909727910076,
    327.7891628894322,
    490.1918471583651,
    347.08499886118125,
    496.57912594886744
  ],
  "capacity": 11841.3,
  "optimal_value": 12002.991859707314,
  "greedy_value": 11783.607177726202,
  "optimal_solution": [
    2,
    4,
    7,
    8,
    17,
    18,
    19,
    20,
    24,
    25,
    27,
    28,
    37,
    38,
    39,
    44,
    54,
    55,
    59,
    73,
    78,
    81,
    83,
    88,
    89,
    90,
    91,
    94,
    96,
    99
  ],
  "note": "Testing smaller weight ranges with random ratios. Greedy is ~2% off optimal."
}