{
  "weights": [
    842,
    488,
    326,
    653,
    719,
    350,
    985,
    333,
    509,
    470,
    909,
    647,
    543,
    377,
    511,
    886,
    885,
    1000,
    418,
    418,
    782,
    823,
    565,
    680,
    522,
    713,
    920,
    326,
    912,
    985,
    685,
    815,
    422,
    315,
    617,
    375,
    883,
    576,
    732,
    677,
    500,
    538,
    450,
    394,
    518,
    309,
    360,
    727,
    721,
    943,
    388,
    741,
    942,
    400,
    482,
    301,
    713,
    521,
    323,
    941,
    934,
    328,
    573,
    614,
    929,
    559,
    445,
    609,
    544,
    384,
    341,
    554,
    351,
    872,
    319,
    526,
    365,
    809,
    551,
    543,
    836,
    858,
    653,
    640,
    710,
    340,
    809,
    687,
    868,
    935,
    403,
    389,
    487,
    847,
    729,
    760,
    721,
    839,
    836,
    763
  ],
  "values": [
    841.0669224719883,
    491.16125718957636,
    322.1477645927169,
    657.8515520587275,
    724.1418020524375,
    349.9722629930771,
    985.799772685729,
    331.84184091750325,
    513.6854829758122,
    472.4090464798189,
    908.2162014539897,
    649.3132526241033,
    543.7074064969436,
    374.8521680290769,
    522.4933674128154,
    891.5175412842096,
    893.4437433055077,
    1003.9220975783303,
    424.1966707310244,
    420.97480754202206,
    790.2412938819026,
    819.7138501227507,
    554.7978354165241,
    681.6071960676232,
    521.5053839214911,
    720.3947478410936,
    922.3842478659218,
    326.1185817483375,
    926.1310078895216,
    1007.1640367807494,
    686.6409927520799,
    814.09668683618,
    421.59357775321104,
    310.890602709895,
    623.0730764470497,
    376.3370342402618,
    885.13723275918,
    568.3646289902347,
    723.2052173406734,
    681.9559119633553,
    487.7762862628947,
    539.3504703824185,
    455.86986666643907,
    399.9367824192546,
    516.704206919636,
    315.3753194532717,
    360.7764229224704,
    732.0596938794226,
    727.0391612638998,
    944.1551039672704,
    383.21999688738185,
    728.4096129276367,
    931.5453011717398,
    393.940382930284,
    475.75869664551396,
    301.9558253430773,
    709.5368698623944,
    519.4288020408036,
    326.2039929359459,
    948.2238436562911,
    940.034234676661,
    332.753872523734,
    579.9789712072607,
    611.2488834173912,
    932.0899941710169,
    552.4504602810083,
    441.1026781124531,
    608.1349759290904,
    555.9577640594085,
    380.97691940768607,
    335.7553976069118,
    557.7160199001592,
    348.36871300387065,
    855.0689487723853,
    317.23702950348377,
    524.0763216123121,
    366.5964544962369,
    818.2292020666094,
    544.5502567602612,
    548.1487868088401,
    847.8508112509345,
    859.5679616962194,
    663.9677411328735,
    648.5566167885347,
    712.1414012512548,
    335.3821704820258,
    811.8750872746135,
    699.3896239870393,
    863.0153650021789,
    949.6055358079932,
    406.719605931232,
    385.12287088683473,
    505.20659879964944,
    848.800580477191,
    729.7296020825268,
    771.8983669481369,
    715.4275629682977,
    833.3356234242938,
    824.5005272509607,
    759.4468319380766
  ],
  "capacity": 18619.8,
  "optimal_value": 18878.688910348894,
  "greedy_value": 18579.587443031556,
  "optimal_solution": [
    1,
    8,
    14,
    16,
    18,
    20,
    25,
    28,
    29,
    34,
    39,
    42,
    43,
    45,
    47,
    48,
    58,
    61,
    62,
    68,
    77,
    79,
    80,
    82,
    83,
    87,
    89,
    90,
    92,
    95
  ],
  "note": "Adam tests saving a hard instance. This one generated with random ratios. Greedy is ~1.5% off optimal."
}